{
  "the last beery": {
    "Name": "The Last Beery",
    "HP Increase": 30,
    "Amount Owned": 0
  },
  "fnaf lore drop": {
    "Name": "FNAF Lore Drop",
    "HP Increase": 20,
    "Amount Owned": 0
  },
  "thats just a beery, a game beery": {
    "Name": "Thats Just A BEERY, A GAME BEERY!",
    "HP Increase": 80,
    "Amount Owned": 0
  },
  "jamanut the donut": {
    "Name": "Jamanut The Donut",
    "HP Increase": 35,
    "Amount Owned": 1
  },
  "johannes the cookie": {
    "Name": "Johannes The Cookie",
    "HP Increase": 20,
    "Amount Owned": 0
  },
  "the wild wolf": {
    "Name": "The Wild Wolf",
    "HP Increase": 60,
    "Amount Owned": 0
  },
  "da hood is real": {
    "Name": "Da Hood Is Real",
    "HP Increase": 45,
    "Amount Owned": 0
  }
}